{"landmark_STDDEV": 0.13227967744162492, "landmark_MEAN": 0.33628131310035897, "detect_STDDEV": 0.15699184916619666, "detect_MEAN": 0.7493615271625939}