{"landmark_STDDEV": 0.14836760275902725, "landmark_MEAN": 0.37139852412219987, "detect_STDDEV": 0.16934590436242813, "detect_MEAN": 0.818807101293901}